Country,Total emission per capita (kg/capita),year,level,Code
United States of America,14.96,2011,5,USA
Australia,102.886,2011,3,AUS
Russian Federation*,30.97,2011,2,RUS
Canada,36.92,2011,2,CAN
Japan,7.35,2011,1,JPN
Germany,5.21,2011,1,DEU
United Kingdom,6.69,2011,1,GBR
France,3.66,2011,1,FRA
Italy,2.94,2011,0,ITA
Sweden,2.92,2011,0,SWE
Greece,22.08,2008,1,GRC
Austria,2.04,2008,0,AUT
Belgium,4.32,2008,0,BEL
Switzerland,1.36,2008,0,CHE
Czech Republic,15.03,2008,1,CZE
Denmark,2.23,2008,0,DNK
Estonia,30.52,2008,2,EST
Spain,8.84,2008,0,ESP
Finland,9.5,2008,0,FIN
Latvia,,2008,UNKNOWN,LVA
Netherlands,2.02,2008,0,NLD
Norway,3.32,2008,0,NOR
Poland,22.14,2008,1,POL
Portugal,5.63,2008,0,PRT
Slovakia,10.82,2008,0,SVK
Mongolia,,2008,UNKNOWN,MNG
Philippines,,2007,UNKNOWN,PHL
Singapore,,2009,UNKNOWN,SGP
Ghana,,2008,UNKNOWN,GHA
Madagascar,,2003,UNKNOWN,MDG
Mauritius,,2009,UNKNOWN,MUS
Senegal,,2010,UNKNOWN,SEN
Tanzania,,2006,UNKNOWN,TZA
Kuwait,,2003,UNKNOWN,KWT
Lebanon,,2004,UNKNOWN,LBN
Brazil,,2009,UNKNOWN,BRA
Chile,,2008,UNKNOWN,CHL
Ecuador,,2009,UNKNOWN,ECU
Mexico,,2009,UNKNOWN,MEX
Peru,,2010,UNKNOWN,PER
Latvia,,2008,UNKNOWN,LVA
United Arab Emirates,,2010,UNKNOWN,ARE
China,,2010,UNKNOWN,CHN
Qatar,,2010,UNKNOWN,QAT
Mauritania,,2010,UNKNOWN,MRT
Saudi Arabia,,2010,UNKNOWN,SAU
Bahrain,,2010,UNKNOWN,BHR
Turkmenistan,,2010,UNKNOWN,TKM
Pakistan,,2010,UNKNOWN,PAK
"Korea, South (D.P.R.O)",,2010,UNKNOWN,PRK
Libya,,2010,UNKNOWN,LBY
Niger,,2010,UNKNOWN,NER
Gambia,,2010,UNKNOWN,GMB
Oman,,2010,UNKNOWN,OMN
Mali,,2010,UNKNOWN,MLI
Chad,,2010,UNKNOWN,TCD
Nepal,,2010,UNKNOWN,NPL
"Egypt, Arab Rep",,2010,UNKNOWN,EGY
India,,2010,UNKNOWN,IND
"Korea, North",,2010,UNKNOWN,KOR
Guinea-Bissau,,2010,UNKNOWN,GNB
Bangladesh,,2010,UNKNOWN,BGD
Iraq,,2010,UNKNOWN,IRQ
"Yemen, rep.",,2010,UNKNOWN,YEM
Vietnam,,2010,UNKNOWN,VNM
"Iran, Islamic Rep.",,2010,UNKNOWN,IRN
Jordan,,2010,UNKNOWN,JOR
Burkina Faso,,2010,UNKNOWN,BFA
Nigeria,,2010,UNKNOWN,NGA
Djibouti,,2010,UNKNOWN,DJI
Israel,22.4,2010,1,ISR
Syrian Arab Republic,,2010,UNKNOWN,SYR
Sudan,,2010,UNKNOWN,SDN
Eritrea,,2010,UNKNOWN,ERI
Afghanistan,,2010,UNKNOWN,AFG
Guinea,,2010,UNKNOWN,GIN
Cameroon,,2010,UNKNOWN,CMR
Uzbekistan,,2010,UNKNOWN,UZB
Algeria,,2010,UNKNOWN,DZA
Benin,,2010,UNKNOWN,BEN
Myanmar,,2010,UNKNOWN,MMR
Bhutan,,2010,UNKNOWN,BTN
Malta,,2010,UNKNOWN,MLT
Thailand,,2010,UNKNOWN,THA
Togo,,2010,UNKNOWN,TGO
Morocco,,2010,UNKNOWN,MAR
Barbados,,2010,UNKNOWN,BRB
Central African Republic,,2010,UNKNOWN,CAF
Tunsia,,2010,UNKNOWN,TUN
Cyprus,,2010,UNKNOWN,CYP
Armenia,,2010,UNKNOWN,ARM
Dominica,,2010,UNKNOWN,DMA
Sierra Leone,,2010,UNKNOWN,SLE
Antigua and Barbuda,,2010,UNKNOWN,ATG
Turkey,36.44,2010,2,TUR
Cambodia,,2010,UNKNOWN,KHM
Azerbaijan,,2010,UNKNOWN,AZE
Romania,,2010,UNKNOWN,ROU
"Macedonia, FYR",,2010,UNKNOWN,MKD
Bulgaria,,2010,UNKNOWN,BGR
Tajikistan,,2010,UNKNOWN,TJK
Hungary,3.21,2010,2,HUN
Kyrgyz Republic,,2010,UNKNOWN,KGZ
Montenegro,,2010,UNKNOWN,MNE
Serbia,,2010,UNKNOWN,SRB
Maldives,,2010,UNKNOWN,MDV
Ethiopia,,2010,UNKNOWN,ETH
Grenada,,2010,UNKNOWN,GRD
Cote d'lvoire,,2010,UNKNOWN,CIV
Slovenia,4.94,2010,0,SVN
"Congo, Dem. Rep",,2010,UNKNOWN,COD
Croatia,,2010,UNKNOWN,HRV
Albania,,2010,UNKNOWN,ALB
Rwanda,,2010,UNKNOWN,RWA
"Congo, Rep.",,2010,UNKNOWN,COG
Indonesia,,2010,UNKNOWN,IDN
Moldova,,2010,UNKNOWN,MDA
Kazakhstan,,2010,UNKNOWN,KAZ
Luxembourg,3.73,2010,0,LUX
Bahamas,,2010,UNKNOWN,BHS
Andorra,,2010,UNKNOWN,AND
Malaysia,,2010,UNKNOWN,MYS
Ukraine,,2010,UNKNOWN,UKR
Bosnia and Herzegovina,,2010,UNKNOWN,BIH
Georgia,,2010,UNKNOWN,GEO
Jamaica,,2010,UNKNOWN,JAM
Gutemala,,2010,UNKNOWN,GTM
Haiti,,2010,UNKNOWN,HTI
Burundi,,2010,UNKNOWN,BDI
Angola,,2010,UNKNOWN,AGO
Belarus,,2010,UNKNOWN,BLR
Lithuania,,2010,UNKNOWN,LTU
Uganda,,2010,UNKNOWN,UGA
Liberia,,2010,UNKNOWN,LBR
Ireland,5.06,2010,0,IRL
Sri Lanka,,2010,UNKNOWN,LKA
Somalia,,2010,UNKNOWN,SOM
Costa Rica,,2010,UNKNOWN,CRI
Chile,,2010,UNKNOWN,CHL
"Venezuela, RB",,2010,UNKNOWN,VEN
Marshall Islands,,2010,UNKNOWN,MHL
South Africa,,2010,UNKNOWN,ZAF
Estonia,,2010,UNKNOWN,EST
Phillipines,,2010,UNKNOWN,PHL
Cuba,,2010,UNKNOWN,CUB
Equatorial Guinea,,2010,UNKNOWN,GNQ
Honduras,,2010,UNKNOWN,HND
Kiribati,,2010,UNKNOWN,KIR
Guyana,,2010,UNKNOWN,GUY
Gabon,,2010,UNKNOWN,GAB
BolIvia,,2010,UNKNOWN,BOL
Lesotho,,2010,UNKNOWN,LSO
Kenya,,2010,UNKNOWN,KEN
Iceland,261.55,2010,5,ISL
Solomon Islands,,2010,UNKNOWN,SLB
Uruguay,,2010,UNKNOWN,URY
Zambia,,2010,UNKNOWN,ZMB
New Zealand,17.63,2010,1,NZL
Belize,,2010,UNKNOWN,BLZ
Colombia,,2010,UNKNOWN,COL
Brunei Darussalam,,2010,UNKNOWN,BRN
Papua New Guinea,,2010,UNKNOWN,PNG
Fiji,,2010,UNKNOWN,FJI
Nicaragua,,2010,UNKNOWN,NIC
Panama,,2010,UNKNOWN,PAN
El Salvadar,,2010,UNKNOWN,SLV
Seychelles,,2010,UNKNOWN,SYC
Vanuatu,,2010,UNKNOWN,VUT
Botswana,,2010,UNKNOWN,BWA
Tonga,,2010,UNKNOWN,TON
Mozambique,,2010,UNKNOWN,MOZ
Suriname,,2010,UNKNOWN,SUR
Argentina,,2010,UNKNOWN,ARG
Sao Tome and Principe,,2010,UNKNOWN,STP
Samoa,,2010,UNKNOWN,WSM
Swaziland,,2010,UNKNOWN,SWZ
Malawi,,2010,UNKNOWN,MWI
Zimbabwe,,2010,UNKNOWN,ZWE
Comoros,,2010,UNKNOWN,COM
"Micronesia, Fed Sts",,2010,UNKNOWN,FSM
Paraguay,,2010,UNKNOWN,PRY
Nambia,,2010,UNKNOWN,NAM
Trinidad and Tobago,,2010,UNKNOWN,TTO
