Country,Annual mean PM10 ug/m3,Year,level,code
Afghanistan,0,2010,UNKNOWN,AFG
Albania,0,2010,UNKNOWN,ALB
Algeria,0,2010,UNKNOWN,DZA
Andorra,0,2010,UNKNOWN,AND
Angola,0,2010,UNKNOWN,AGO
Antigua and Barbuda,0,2010,UNKNOWN,ATG
Argentina,0,2010,UNKNOWN,ARG
Armenia,0,2010,UNKNOWN,ARM
Australia,15.39,2006,1,AUS
Australia,15.39,2006,1,AUS
Austria,33.03,2006,2,AUT
Azerbaijan,0,2010,UNKNOWN,AZE
Bahamas,0,2010,UNKNOWN,BHS
Bahrain,0,2010,UNKNOWN,BHR
Bangladesh,0,2010,UNKNOWN,BGD
Barbados,0,2010,UNKNOWN,BRB
Belarus,0,2010,UNKNOWN,BLR
Belgium,22.47,2006,2,BEL
Belize,0,2010,UNKNOWN,BLZ
Benin,0,2010,UNKNOWN,BEN
Bhutan,0,2010,UNKNOWN,BTN
BolIvia,0,2010,UNKNOWN,BOL
Bosnia and Herzegovina,0,2010,UNKNOWN,BIH
Botswana,0,2010,UNKNOWN,BWA
Brazil,22.34,2006,2,BRA
Brunei Darussalam,0,2010,UNKNOWN,BRN
Bulgaria,0,2010,UNKNOWN,BGR
Burkina Faso,0,2010,UNKNOWN,BFA
Burundi,0,2010,UNKNOWN,BDI
Cambodia,0,2010,UNKNOWN,KHM
Cameroon,0,2010,UNKNOWN,CMR
Canada,17.39,2006,1,CAN
Central African Republic,0,2010,UNKNOWN,CAF
Chad,0,2010,UNKNOWN,TCD
Chile,47.8,2006,3,CHL
Chile,0,2010,UNKNOWN,CHL
China,0,2010,UNKNOWN,CHN
Colombia,0,2010,UNKNOWN,COL
Comoros,0,2010,UNKNOWN,COM
"Congo, Dem. Rep",0,2010,UNKNOWN,COD
"Congo, Rep.",0,2010,UNKNOWN,COG
Costa Rica,0,2010,UNKNOWN,CRI
Cote d'lvoire,0,2010,UNKNOWN,CIV
Croatia,0,2010,UNKNOWN,HRV
Cuba,0,2010,UNKNOWN,CUB
Cyprus,0,2010,UNKNOWN,CYP
Czech Republic,20.95,2006,2,CZE
Denmark,18.68,2006,1,DNK
Djibouti,0,2010,UNKNOWN,DJI
Dominica,0,2010,UNKNOWN,DMA
Ecuador,24.76,2006,2,ECU
"Egypt, Arab Rep",0,2010,UNKNOWN,EGY
El Salvadar,0,2010,UNKNOWN,SLV
Equatorial Guinea,0,2010,UNKNOWN,GNQ
Eritrea,0,2010,UNKNOWN,ERI
Estonia,12.95,2006,1,EST
Estonia,0,2010,UNKNOWN,EST
Ethiopia,0,2010,UNKNOWN,ETH
Fiji,0,2010,UNKNOWN,FJI
Finland,17.8,2006,1,FIN
France,13.38,2006,1,FRA
Gabon,0,2010,UNKNOWN,GAB
Gambia,0,2010,UNKNOWN,GMB
Georgia,0,2010,UNKNOWN,GEO
Germany,18.58,2006,1,DEU
Ghana,34.46,2006,2,GHA
Greece,35.97,2006,2,GRC
Grenada,0,2010,UNKNOWN,GRD
Guinea,0,2010,UNKNOWN,GIN
Guinea-Bissau,0,2010,UNKNOWN,GNB
Gutemala,0,2010,UNKNOWN,GTM
Guyana,0,2010,UNKNOWN,GUY
Haiti,0,2010,UNKNOWN,HTI
Honduras,0,2010,UNKNOWN,HND
Hungary,0,2010,UNKNOWN,HUN
Iceland,0,2010,UNKNOWN,ISL
India,0,2010,UNKNOWN,IND
Indonesia,0,2010,UNKNOWN,IDN
"Iran, Islamic Rep.",0,2010,UNKNOWN,IRN
Iraq,0,2010,UNKNOWN,IRQ
Ireland,0,2010,UNKNOWN,IRL
Israel,0,2010,UNKNOWN,ISR
Italy,26.71,2006,2,ITA
Jamaica,0,2010,UNKNOWN,JAM
Japan,29.64,2006,2,JPN
Jordan,0,2010,UNKNOWN,JOR
Kazakhstan,0,2010,UNKNOWN,KAZ
Kenya,0,2010,UNKNOWN,KEN
Kiribati,0,2010,UNKNOWN,KIR
"Korea, North",0,2010,UNKNOWN,KOR
"Korea, South (D.P.R.O)",0,2010,UNKNOWN,PRK
Kuwait,97.31,2006,4,KWT
Kyrgyz Republic,0,2010,UNKNOWN,KGZ
Latvia,15.55,2006,1,LVA
Lebanon,36.36,2006,2,LBN
Lesotho,0,2010,UNKNOWN,LSO
Liberia,0,2010,UNKNOWN,LBR
Libya,0,2010,UNKNOWN,LBY
Lithuania,0,2010,UNKNOWN,LTU
Luxembourg,0,2010,UNKNOWN,LUX
"Macedonia, FYR",0,2010,UNKNOWN,MKD
Madagascar,33.84,2006,2,MDG
Malawi,0,2010,UNKNOWN,MWI
Malaysia,0,2010,UNKNOWN,MYS
Maldives,0,2010,UNKNOWN,MDV
Mali,0,2010,UNKNOWN,MLI
Malta,0,2010,UNKNOWN,MLT
Marshall Islands,0,2010,UNKNOWN,MHL
Mauritania,0,2010,UNKNOWN,MRT
Mauritius,17.6,2006,1,MUS
Mexico,36.45,2006,2,MEX
"Micronesia, Fed Sts",0,2010,UNKNOWN,FSM
Moldova,0,2010,UNKNOWN,MDA
Mongolia,110.45,2006,5,MNG
Montenegro,0,2010,UNKNOWN,MNE
Morocco,0,2010,UNKNOWN,MAR
Mozambique,0,2010,UNKNOWN,MOZ
Myanmar,0,2010,UNKNOWN,MMR
Nambia,0,2010,UNKNOWN,NAM
Nepal,0,2010,UNKNOWN,NPL
Netherlands,33.71,2006,2,NLD
New Zealand,0,2010,UNKNOWN,NZL
Nicaragua,0,2010,UNKNOWN,NIC
Niger,0,2010,UNKNOWN,NER
Nigeria,0,2010,UNKNOWN,NGA
Norway,14.8,2006,1,NOR
Oman,0,2010,UNKNOWN,OMN
Pakistan,0,2010,UNKNOWN,PAK
Panama,0,2010,UNKNOWN,PAN
Papua New Guinea,0,2010,UNKNOWN,PNG
Paraguay,0,2010,UNKNOWN,PRY
Peru,54.48,2006,3,PER
Philippines,22.83,2006,2,PHL
Phillipines,0,2010,UNKNOWN,PHL
Poland,37.37,2006,2,POL
Portugal,23.33,2006,1,PRT
Qatar,0,2010,UNKNOWN,QAT
Romania,0,2010,UNKNOWN,ROU
Russian Federation*,17.74,2006,1,RUS
Rwanda,0,2010,UNKNOWN,RWA
Samoa,0,2010,UNKNOWN,WSM
Sao Tome and Principe,0,2010,UNKNOWN,STP
Saudi Arabia,0,2010,UNKNOWN,SAU
Senegal,95.01,2006,4,SEN
Serbia,0,2010,UNKNOWN,SRB
Seychelles,0,2010,UNKNOWN,SYC
Sierra Leone,0,2010,UNKNOWN,SLE
Singapore,40.97,2006,3,SGP
Slovakia,30.05,2006,2,SVK
Slovenia,0,2010,UNKNOWN,SVN
Solomon Islands,0,2010,UNKNOWN,SLB
Somalia,0,2010,UNKNOWN,SOM
South Africa,0,2010,UNKNOWN,ZAF
Spain,31.61,2006,2,ESP
Sri Lanka,0,2010,UNKNOWN,LKA
Sudan,0,2010,UNKNOWN,SDN
Suriname,0,2010,UNKNOWN,SUR
Swaziland,0,2010,UNKNOWN,SWZ
Sweden,11.62,2006,1,SWE
Switzerland,25.51,2006,2,CHE
Syrian Arab Republic,0,2010,UNKNOWN,SYR
Tajikistan,0,2010,UNKNOWN,TJK
Tanzania,25.39,2006,2,TZA
Thailand,0,2010,UNKNOWN,THA
Togo,0,2010,UNKNOWN,TGO
Tonga,0,2010,UNKNOWN,TON
Trinidad and Tobago,0,2010,UNKNOWN,TTO
Tunsia,0,2010,UNKNOWN,TUN
Turkey,0,2010,UNKNOWN,TUR
Turkmenistan,0,2010,UNKNOWN,TKM
Uganda,0,2010,UNKNOWN,UGA
Ukraine,0,2010,UNKNOWN,UKR
United Arab Emirates,0,2010,UNKNOWN,ARE
United Kingdom,15.49,2006,1,GBR
United States of America,21.34,2006,2,USA
Uruguay,0,2010,UNKNOWN,URY
Uzbekistan,0,2010,UNKNOWN,UZB
Vanuatu,0,2010,UNKNOWN,VUT
"Venezuela, RB",0,2010,UNKNOWN,VEN
Vietnam,0,2010,UNKNOWN,VNM
"Yemen, rep.",0,2010,UNKNOWN,YEM
Zambia,0,2010,UNKNOWN,ZMB
Zimbabwe,0,2010,UNKNOWN,ZWE
